iso3c,m49code,r5_iamc,r6_ipcc,r10_unif,r10_iamc,r10_ipcc,r10_message,r11_message,r12_message,r12_remind,r12_witch,r22_ipcc,m49hi_ipcc,m49med_ipcc,m49lo_ipcc,m49dev_ipcc,m49sids_ipcc,m49lldc_ipcc,m49ldc_ipcc,annexi_ipcc,wmo_ipcc,eu_ipcc,oecd_ipcc,wb_ipcc,alpha-3,name
AGO,24,R5MAF,Africa,R10AFRMEA,R10AFRICA,Africa,Sub-saharan Africa,Sub-saharan Africa,R12AFR,Sub-saharan Africa,ssa,Southern and middle Africa,Africa,Sub-Saharan Africa,Middle Africa,Developing,,,LDC,Non-Annex I,I,,,Lower-middle,AGO,Angola
ARE,784,R5MAF,Middle East,R10AFRMEA,R10MIDDLE_EAST,Middle East,Middle East and North Africa,Middle East and North Africa,R12MEA,"Middle East, North Africa, Central Asia",mena,Middle East,Asia,Western Asia,Western Asia,Developing,,,,Non-Annex I,II,,,High,ARE,United Arab Emirates
ATF,260,,Africa,R10AFRMEA,,Africa,,,,Other Asia,ssa,Eastern Africa,Africa,Sub-Saharan Africa,Eastern Africa,Developing,,,,Territory,,,,,ATF,French Southern Territories
BDI,108,R5MAF,Africa,R10AFRMEA,R10AFRICA,Africa,Sub-saharan Africa,Sub-saharan Africa,R12AFR,Sub-saharan Africa,ssa,Eastern Africa,Africa,Sub-Saharan Africa,Eastern Africa,Developing,,LLDC,LDC,Non-Annex I,I,,,Low,BDI,Burundi
BEN,204,R5MAF,Africa,R10AFRMEA,R10AFRICA,Africa,Sub-saharan Africa,Sub-saharan Africa,R12AFR,Sub-saharan Africa,ssa,Western Africa,Africa,Sub-Saharan Africa,Western Africa,Developing,,,LDC,Non-Annex I,I,,,Lower-middle,BEN,Benin
BFA,854,R5MAF,Africa,R10AFRMEA,R10AFRICA,Africa,Sub-saharan Africa,Sub-saharan Africa,R12AFR,Sub-saharan Africa,ssa,Western Africa,Africa,Sub-Saharan Africa,Western Africa,Developing,,LLDC,LDC,Non-Annex I,I,,,Low,BFA,Burkina Faso
BHR,48,R5MAF,Middle East,R10AFRMEA,R10MIDDLE_EAST,Middle East,Middle East and North Africa,Middle East and North Africa,R12MEA,"Middle East, North Africa, Central Asia",mena,Middle East,Asia,Western Asia,Western Asia,Developing,,,,Non-Annex I,II,,,High,BHR,Bahrain
BWA,72,R5MAF,Africa,R10AFRMEA,R10AFRICA,Africa,Sub-saharan Africa,Sub-saharan Africa,R12AFR,Sub-saharan Africa,ssa,Southern and middle Africa,Africa,Sub-Saharan Africa,Southern Africa,Developing,,LLDC,,Non-Annex I,I,,,Upper middle,BWA,Botswana
CAF,140,R5MAF,Africa,R10AFRMEA,R10AFRICA,Africa,Sub-saharan Africa,Sub-saharan Africa,R12AFR,Sub-saharan Africa,ssa,Southern and middle Africa,Africa,Sub-Saharan Africa,Middle Africa,Developing,,LLDC,LDC,Non-Annex I,I,,,Low,CAF,Central African Republic
CIV,384,R5MAF,Africa,R10AFRMEA,R10AFRICA,Africa,Sub-saharan Africa,Sub-saharan Africa,R12AFR,Sub-saharan Africa,ssa,Western Africa,Africa,Sub-Saharan Africa,Western Africa,Developing,,,,Non-Annex I,I,,,Lower-middle,CIV,Côte d'Ivoire
CMR,120,R5MAF,Africa,R10AFRMEA,R10AFRICA,Africa,Sub-saharan Africa,Sub-saharan Africa,R12AFR,Sub-saharan Africa,ssa,Southern and middle Africa,Africa,Sub-Saharan Africa,Middle Africa,Developing,,,,Non-Annex I,I,,,Lower-middle,CMR,Cameroon
COD,180,R5MAF,Africa,R10AFRMEA,R10AFRICA,Africa,Sub-saharan Africa,Sub-saharan Africa,R12AFR,Sub-saharan Africa,ssa,Southern and middle Africa,Africa,Sub-Saharan Africa,Middle Africa,Developing,,,LDC,Non-Annex I,I,,,Low,COD,"Congo, Democratic Republic of the"
COG,178,R5MAF,Africa,R10AFRMEA,R10AFRICA,Africa,Sub-saharan Africa,Sub-saharan Africa,R12AFR,Sub-saharan Africa,ssa,Southern and middle Africa,Africa,Sub-Saharan Africa,Middle Africa,Developing,,,,Non-Annex I,I,,,Lower-middle,COG,Congo
COM,174,R5MAF,Africa,R10AFRMEA,R10AFRICA,Africa,Sub-saharan Africa,Sub-saharan Africa,R12AFR,Sub-saharan Africa,ssa,Eastern Africa,Africa,Sub-Saharan Africa,Eastern Africa,Developing,SIDS,,LDC,Non-Annex I,I,,,Lower-middle,COM,Comoros
CPV,132,R5MAF,Africa,R10AFRMEA,R10AFRICA,Africa,Sub-saharan Africa,Sub-saharan Africa,R12AFR,Sub-saharan Africa,ssa,Western Africa,Africa,Sub-Saharan Africa,Western Africa,Developing,SIDS,,,Non-Annex I,I,,,Lower-middle,CPV,Cabo Verde
DJI,262,R5MAF,Africa,R10AFRMEA,R10AFRICA,Africa,Sub-saharan Africa,Sub-saharan Africa,R12AFR,Sub-saharan Africa,mena,Eastern Africa,Africa,Sub-Saharan Africa,Eastern Africa,Developing,,,LDC,Non-Annex I,I,,,Lower-middle,DJI,Djibouti
DZA,12,R5MAF,Africa,R10AFRMEA,R10AFRICA,Africa,Middle East and North Africa,Middle East and North Africa,R12MEA,"Middle East, North Africa, Central Asia",mena,North Africa,Africa,Northern Africa,Northern Africa,Developing,,,,Non-Annex I,I,,,Lower-middle,DZA,Algeria
EGY,818,R5MAF,Africa,R10AFRMEA,R10AFRICA,Africa,Middle East and North Africa,Middle East and North Africa,R12MEA,"Middle East, North Africa, Central Asia",mena,North Africa,Africa,Northern Africa,Northern Africa,Developing,,,,Non-Annex I,I,,,Lower-middle,EGY,Egypt
ERI,232,R5MAF,Africa,R10AFRMEA,R10AFRICA,Africa,Sub-saharan Africa,Sub-saharan Africa,R12AFR,Sub-saharan Africa,ssa,Eastern Africa,Africa,Sub-Saharan Africa,Eastern Africa,Developing,,,LDC,Non-Annex I,I,,,Low,ERI,Eritrea
ESH,732,R5MAF,Africa,R10AFRMEA,R10AFRICA,Africa,Sub-saharan Africa,Sub-saharan Africa,R12MEA,"Middle East, North Africa, Central Asia",mena,North Africa,Africa,Northern Africa,Northern Africa,Developing,,,,Territory,,,,,ESH,Western Sahara
ETH,231,R5MAF,Africa,R10AFRMEA,R10AFRICA,Africa,Sub-saharan Africa,Sub-saharan Africa,R12AFR,Sub-saharan Africa,ssa,Eastern Africa,Africa,Sub-Saharan Africa,Eastern Africa,Developing,,LLDC,LDC,Non-Annex I,I,,,Low,ETH,Ethiopia
GAB,266,R5MAF,Africa,R10AFRMEA,R10AFRICA,Africa,Sub-saharan Africa,Sub-saharan Africa,R12AFR,Sub-saharan Africa,ssa,Southern and middle Africa,Africa,Sub-Saharan Africa,Middle Africa,Developing,,,,Non-Annex I,I,,,Upper middle,GAB,Gabon
GHA,288,R5MAF,Africa,R10AFRMEA,R10AFRICA,Africa,Sub-saharan Africa,Sub-saharan Africa,R12AFR,Sub-saharan Africa,ssa,Western Africa,Africa,Sub-Saharan Africa,Western Africa,Developing,,,,Non-Annex I,I,,,Lower-middle,GHA,Ghana
GIN,324,R5MAF,Africa,R10AFRMEA,R10AFRICA,Africa,Sub-saharan Africa,Sub-saharan Africa,R12AFR,Sub-saharan Africa,ssa,Western Africa,Africa,Sub-Saharan Africa,Western Africa,Developing,,,LDC,Non-Annex I,I,,,Low,GIN,Guinea
GMB,270,R5MAF,Africa,R10AFRMEA,R10AFRICA,Africa,Sub-saharan Africa,Sub-saharan Africa,R12AFR,Sub-saharan Africa,ssa,Western Africa,Africa,Sub-Saharan Africa,Western Africa,Developing,,,LDC,Non-Annex I,I,,,Low,GMB,Gambia
GNB,624,R5MAF,Africa,R10AFRMEA,R10AFRICA,Africa,Sub-saharan Africa,Sub-saharan Africa,R12AFR,Sub-saharan Africa,ssa,Western Africa,Africa,Sub-Saharan Africa,Western Africa,Developing,SIDS,,LDC,Non-Annex I,I,,,Low,GNB,Guinea-Bissau
GNQ,226,R5MAF,Africa,R10AFRMEA,R10AFRICA,Africa,Sub-saharan Africa,Sub-saharan Africa,R12AFR,Sub-saharan Africa,ssa,Southern and middle Africa,Africa,Sub-Saharan Africa,Middle Africa,Developing,,,,Non-Annex I,I,,,Upper middle,GNQ,Equatorial Guinea
IOT,86,,Africa,R10AFRMEA,,Africa,Europe,Western Europe,,Other Asia,ssa,Eastern Africa,Africa,Sub-Saharan Africa,Eastern Africa,Developing,,,,Territory,,,,,IOT,British Indian Ocean Territory
IRN,364,R5MAF,Middle East,R10AFRMEA,R10MIDDLE_EAST,Middle East,Middle East and North Africa,Middle East and North Africa,R12MEA,"Middle East, North Africa, Central Asia",mena,Middle East,Asia,Southern Asia,Southern Asia,Developing,,,,Non-Annex I,II,,,Lower-middle,IRN,Iran (Islamic Republic of)
IRQ,368,R5MAF,Middle East,R10AFRMEA,R10MIDDLE_EAST,Middle East,Middle East and North Africa,Middle East and North Africa,R12MEA,"Middle East, North Africa, Central Asia",mena,Middle East,Asia,Western Asia,Western Asia,Developing,,,,Non-Annex I,II,,,Upper middle,IRQ,Iraq
ISR,376,R5MAF,Middle East,R10AFRMEA,R10MIDDLE_EAST,Middle East,Middle East and North Africa,Middle East and North Africa,R12MEA,"Middle East, North Africa, Central Asia",mena,Middle East,Asia,Western Asia,Western Asia,Developed,,,,Non-Annex I,VI,,OECD,High,ISR,Israel
JOR,400,R5MAF,Middle East,R10AFRMEA,R10MIDDLE_EAST,Middle East,Middle East and North Africa,Middle East and North Africa,R12MEA,"Middle East, North Africa, Central Asia",mena,Middle East,Asia,Western Asia,Western Asia,Developing,,,,Non-Annex I,VI,,,Upper middle,JOR,Jordan
KEN,404,R5MAF,Africa,R10AFRMEA,R10AFRICA,Africa,Sub-saharan Africa,Sub-saharan Africa,R12AFR,Sub-saharan Africa,ssa,Eastern Africa,Africa,Sub-Saharan Africa,Eastern Africa,Developing,,,,Non-Annex I,I,,,Lower-middle,KEN,Kenya
KWT,414,R5MAF,Middle East,R10AFRMEA,R10MIDDLE_EAST,Middle East,Middle East and North Africa,Middle East and North Africa,R12MEA,"Middle East, North Africa, Central Asia",mena,Middle East,Asia,Western Asia,Western Asia,Developing,,,,Non-Annex I,II,,,High,KWT,Kuwait
LBN,422,R5MAF,Middle East,R10AFRMEA,R10MIDDLE_EAST,Middle East,Middle East and North Africa,Middle East and North Africa,R12MEA,"Middle East, North Africa, Central Asia",mena,Middle East,Asia,Western Asia,Western Asia,Developing,,,,Non-Annex I,VI,,,Upper middle,LBN,Lebanon
LBR,430,R5MAF,Africa,R10AFRMEA,R10AFRICA,Africa,Sub-saharan Africa,Sub-saharan Africa,R12AFR,Sub-saharan Africa,ssa,Western Africa,Africa,Sub-Saharan Africa,Western Africa,Developing,,,LDC,Non-Annex I,I,,,Low,LBR,Liberia
LBY,434,R5MAF,Africa,R10AFRMEA,R10AFRICA,Africa,Middle East and North Africa,Middle East and North Africa,R12MEA,"Middle East, North Africa, Central Asia",mena,North Africa,Africa,Northern Africa,Northern Africa,Developing,,,,Non-Annex I,I,,,Upper middle,LBY,Libya
LSO,426,R5MAF,Africa,R10AFRMEA,R10AFRICA,Africa,Sub-saharan Africa,Sub-saharan Africa,R12AFR,Sub-saharan Africa,ssa,Southern and middle Africa,Africa,Sub-Saharan Africa,Southern Africa,Developing,,LLDC,LDC,Non-Annex I,I,,,Lower-middle,LSO,Lesotho
MAR,504,R5MAF,Africa,R10AFRMEA,R10AFRICA,Africa,Middle East and North Africa,Middle East and North Africa,R12MEA,"Middle East, North Africa, Central Asia",mena,North Africa,Africa,Northern Africa,Northern Africa,Developing,,,,Non-Annex I,I,,,Lower-middle,MAR,Morocco
MDG,450,R5MAF,Africa,R10AFRMEA,R10AFRICA,Africa,Sub-saharan Africa,Sub-saharan Africa,R12AFR,Sub-saharan Africa,ssa,Eastern Africa,Africa,Sub-Saharan Africa,Eastern Africa,Developing,,,LDC,Non-Annex I,I,,,Low,MDG,Madagascar
MLI,466,R5MAF,Africa,R10AFRMEA,R10AFRICA,Africa,Sub-saharan Africa,Sub-saharan Africa,R12AFR,Sub-saharan Africa,ssa,Western Africa,Africa,Sub-Saharan Africa,Western Africa,Developing,,LLDC,LDC,Non-Annex I,I,,,Low,MLI,Mali
MOZ,508,R5MAF,Africa,R10AFRMEA,R10AFRICA,Africa,Sub-saharan Africa,Sub-saharan Africa,R12AFR,Sub-saharan Africa,ssa,Eastern Africa,Africa,Sub-Saharan Africa,Eastern Africa,Developing,,,LDC,Non-Annex I,I,,,Low,MOZ,Mozambique
MRT,478,R5MAF,Africa,R10AFRMEA,R10AFRICA,Africa,Sub-saharan Africa,Sub-saharan Africa,R12AFR,Sub-saharan Africa,ssa,Western Africa,Africa,Sub-Saharan Africa,Western Africa,Developing,,,LDC,Non-Annex I,I,,,Lower-middle,MRT,Mauritania
MUS,480,R5MAF,Africa,R10AFRMEA,R10AFRICA,Africa,Sub-saharan Africa,Sub-saharan Africa,R12AFR,Sub-saharan Africa,ssa,Eastern Africa,Africa,Sub-Saharan Africa,Eastern Africa,Developing,SIDS,,,Non-Annex I,I,,,Upper middle,MUS,Mauritius
MWI,454,R5MAF,Africa,R10AFRMEA,R10AFRICA,Africa,Sub-saharan Africa,Sub-saharan Africa,R12AFR,Sub-saharan Africa,ssa,Eastern Africa,Africa,Sub-Saharan Africa,Eastern Africa,Developing,,LLDC,LDC,Non-Annex I,I,,,Low,MWI,Malawi
MYT,175,R5MAF,Africa,R10AFRMEA,R10AFRICA,Africa,Europe,Western Europe,R12AFR,Sub-saharan Africa,ssa,Eastern Africa,Africa,Sub-Saharan Africa,Eastern Africa,Developing,,,,Territory,,,,,MYT,Mayotte
NAM,516,R5MAF,Africa,R10AFRMEA,R10AFRICA,Africa,Sub-saharan Africa,Sub-saharan Africa,R12AFR,Sub-saharan Africa,ssa,Southern and middle Africa,Africa,Sub-Saharan Africa,Southern Africa,Developing,,,,Non-Annex I,I,,,Upper middle,NAM,Namibia
NER,562,R5MAF,Africa,R10AFRMEA,R10AFRICA,Africa,Sub-saharan Africa,Sub-saharan Africa,R12AFR,Sub-saharan Africa,ssa,Western Africa,Africa,Sub-Saharan Africa,Western Africa,Developing,,LLDC,LDC,Non-Annex I,I,,,Low,NER,Niger
NGA,566,R5MAF,Africa,R10AFRMEA,R10AFRICA,Africa,Sub-saharan Africa,Sub-saharan Africa,R12AFR,Sub-saharan Africa,ssa,Western Africa,Africa,Sub-Saharan Africa,Western Africa,Developing,,,,Non-Annex I,I,,,Lower-middle,NGA,Nigeria
OMN,512,R5MAF,Middle East,R10AFRMEA,R10MIDDLE_EAST,Middle East,Middle East and North Africa,Middle East and North Africa,R12MEA,"Middle East, North Africa, Central Asia",mena,Middle East,Asia,Western Asia,Western Asia,Developing,,,,Non-Annex I,II,,,High,OMN,Oman
PSE,275,R5MAF,Middle East,R10AFRMEA,R10MIDDLE_EAST,Middle East,Middle East and North Africa,Middle East and North Africa,R12MEA,"Middle East, North Africa, Central Asia",mena,Middle East,Asia,Western Asia,Western Asia,Developing,,,,Non-Annex I,,,,Lower-middle,PSE,"Palestine, State of"
QAT,634,R5MAF,Middle East,R10AFRMEA,R10MIDDLE_EAST,Middle East,Middle East and North Africa,Middle East and North Africa,R12MEA,"Middle East, North Africa, Central Asia",mena,Middle East,Asia,Western Asia,Western Asia,Developing,,,,Non-Annex I,II,,,High,QAT,Qatar
REU,638,R5MAF,Africa,R10AFRMEA,R10AFRICA,Africa,Europe,Western Europe,R12AFR,Sub-saharan Africa,ssa,Eastern Africa,Africa,Sub-Saharan Africa,Eastern Africa,Developing,,,,Territory,,,,,REU,Réunion
RWA,646,R5MAF,Africa,R10AFRMEA,R10AFRICA,Africa,Sub-saharan Africa,Sub-saharan Africa,R12AFR,Sub-saharan Africa,ssa,Eastern Africa,Africa,Sub-Saharan Africa,Eastern Africa,Developing,,LLDC,LDC,Non-Annex I,I,,,Low,RWA,Rwanda
SAU,682,R5MAF,Middle East,R10AFRMEA,R10MIDDLE_EAST,Middle East,Middle East and North Africa,Middle East and North Africa,R12MEA,"Middle East, North Africa, Central Asia",mena,Middle East,Asia,Western Asia,Western Asia,Developing,,,,Non-Annex I,II,,,High,SAU,Saudi Arabia
SDN,729,R5MAF,Africa,R10AFRMEA,R10AFRICA,Africa,Middle East and North Africa,Middle East and North Africa,R12MEA,"Middle East, North Africa, Central Asia",ssa,North Africa,Africa,Northern Africa,Northern Africa,Developing,,,LDC,Non-Annex I,I,,,Low,SDN,Sudan
SEN,686,R5MAF,Africa,R10AFRMEA,R10AFRICA,Africa,Sub-saharan Africa,Sub-saharan Africa,R12AFR,Sub-saharan Africa,ssa,Western Africa,Africa,Sub-Saharan Africa,Western Africa,Developing,,,LDC,Non-Annex I,I,,,Lower-middle,SEN,Senegal
SHN,654,,Africa,R10AFRMEA,,Africa,Europe,Western Europe,R12AFR,Sub-saharan Africa,ssa,Western Africa,Africa,Sub-Saharan Africa,Western Africa,Developing,,,,Territory,,,,,SHN,"Saint Helena, Ascension and Tristan da Cunha"
SLE,694,R5MAF,Africa,R10AFRMEA,R10AFRICA,Africa,Sub-saharan Africa,Sub-saharan Africa,R12AFR,Sub-saharan Africa,ssa,Western Africa,Africa,Sub-Saharan Africa,Western Africa,Developing,,,LDC,Non-Annex I,I,,,Low,SLE,Sierra Leone
SOM,706,R5MAF,Africa,R10AFRMEA,R10AFRICA,Africa,Sub-saharan Africa,Sub-saharan Africa,R12AFR,Sub-saharan Africa,ssa,Eastern Africa,Africa,Sub-Saharan Africa,Eastern Africa,Developing,,,LDC,Non-Annex I,I,,,Low,SOM,Somalia
SSD,728,R5MAF,Africa,R10AFRMEA,R10AFRICA,Africa,Middle East and North Africa,Middle East and North Africa,R12MEA,Sub-saharan Africa,ssa,Eastern Africa,Africa,Sub-Saharan Africa,Eastern Africa,Developing,,LLDC,LDC,Non-Annex I,I,,,Low,SSD,South Sudan
STP,678,R5MAF,Africa,R10AFRMEA,R10AFRICA,Africa,Sub-saharan Africa,Sub-saharan Africa,R12AFR,Sub-saharan Africa,ssa,Southern and middle Africa,Africa,Sub-Saharan Africa,Middle Africa,Developing,SIDS,,LDC,Non-Annex I,I,,,Lower-middle,STP,Sao Tome and Principe
SWZ,748,R5MAF,Africa,R10AFRMEA,R10AFRICA,Africa,Sub-saharan Africa,Sub-saharan Africa,R12AFR,Sub-saharan Africa,ssa,Southern and middle Africa,Africa,Sub-Saharan Africa,Southern Africa,Developing,,LLDC,,Non-Annex I,I,,,Lower-middle,SWZ,Eswatini
SYC,690,,Africa,R10AFRMEA,,Africa,Sub-saharan Africa,Sub-saharan Africa,R12AFR,Sub-saharan Africa,ssa,Eastern Africa,Africa,Sub-Saharan Africa,Eastern Africa,Developing,SIDS,,,Non-Annex I,I,,,High,SYC,Seychelles
SYR,760,R5MAF,Middle East,R10AFRMEA,R10MIDDLE_EAST,Middle East,Middle East and North Africa,Middle East and North Africa,R12MEA,"Middle East, North Africa, Central Asia",mena,Middle East,Asia,Western Asia,Western Asia,Developing,,,,Non-Annex I,VI,,,Low,SYR,Syrian Arab Republic
TCD,148,R5MAF,Africa,R10AFRMEA,R10AFRICA,Africa,Sub-saharan Africa,Sub-saharan Africa,R12AFR,Sub-saharan Africa,ssa,Southern and middle Africa,Africa,Sub-Saharan Africa,Middle Africa,Developing,,LLDC,LDC,Non-Annex I,I,,,Low,TCD,Chad
TGO,768,R5MAF,Africa,R10AFRMEA,R10AFRICA,Africa,Sub-saharan Africa,Sub-saharan Africa,R12AFR,Sub-saharan Africa,ssa,Western Africa,Africa,Sub-Saharan Africa,Western Africa,Developing,,,LDC,Non-Annex I,I,,,Low,TGO,Togo
TUN,788,R5MAF,Africa,R10AFRMEA,R10AFRICA,Africa,Middle East and North Africa,Middle East and North Africa,R12MEA,"Middle East, North Africa, Central Asia",mena,North Africa,Africa,Northern Africa,Northern Africa,Developing,,,,Non-Annex I,I,,,Lower-middle,TUN,Tunisia
TZA,834,R5MAF,Africa,R10AFRMEA,R10AFRICA,Africa,Sub-saharan Africa,Sub-saharan Africa,R12AFR,Sub-saharan Africa,ssa,Eastern Africa,Africa,Sub-Saharan Africa,Eastern Africa,Developing,,,LDC,Non-Annex I,I,,,Lower-middle,TZA,"Tanzania, United Republic of"
UGA,800,R5MAF,Africa,R10AFRMEA,R10AFRICA,Africa,Sub-saharan Africa,Sub-saharan Africa,R12AFR,Sub-saharan Africa,ssa,Eastern Africa,Africa,Sub-Saharan Africa,Eastern Africa,Developing,,LLDC,LDC,Non-Annex I,I,,,Low,UGA,Uganda
YEM,887,R5MAF,Middle East,R10AFRMEA,R10MIDDLE_EAST,Middle East,Middle East and North Africa,Middle East and North Africa,R12MEA,"Middle East, North Africa, Central Asia",mena,Middle East,Asia,Western Asia,Western Asia,Developing,,,LDC,Non-Annex I,II,,,Low,YEM,Yemen
ZAF,710,R5MAF,Africa,R10AFRMEA,R10AFRICA,Africa,Sub-saharan Africa,Sub-saharan Africa,R12AFR,Sub-saharan Africa,kosau,Southern and middle Africa,Africa,Sub-Saharan Africa,Southern Africa,Developing,,,,Non-Annex I,I,,,Upper middle,ZAF,South Africa
ZMB,894,R5MAF,Africa,R10AFRMEA,R10AFRICA,Africa,Sub-saharan Africa,Sub-saharan Africa,R12AFR,Sub-saharan Africa,ssa,Eastern Africa,Africa,Sub-Saharan Africa,Eastern Africa,Developing,,LLDC,LDC,Non-Annex I,I,,,Lower-middle,ZMB,Zambia
ZWE,716,R5MAF,Africa,R10AFRMEA,R10AFRICA,Africa,Sub-saharan Africa,Sub-saharan Africa,R12AFR,Sub-saharan Africa,ssa,Eastern Africa,Africa,Sub-Saharan Africa,Eastern Africa,Developing,,LLDC,,Non-Annex I,I,,,Lower-middle,ZWE,Zimbabwe
ASM,16,,Asia and developing Pacific,R10EASPAS,,South-East Asia and developing Pacific,Other Pacific Asia,Other Pacific Asia,R12PAS,Other Asia,easia,Developing Pacific,Oceania,Polynesia,Polynesia,Developing,SIDS,,,Territory,,,,Upper middle,ASM,American Samoa
BRN,96,R5ASIA,Asia and developing Pacific,R10EASPAS,R10REST_ASIA,South-East Asia and developing Pacific,Other Pacific Asia,Other Pacific Asia,R12PAS,Other Asia,easia,South-East Asia,Asia,South-Eastern Asia,South-Eastern Asia,Developing,,,,Non-Annex I,V,,,High,BRN,Brunei Darussalam
CHN,156,R5ASIA,Asia and developing Pacific,R10EASPAS,R10CHINA+,Eastern Asia,Centrally Planned Asia and China,Centrally Planned Asia and China,R12CHN,China,china,Eastern Asia,Asia,Eastern Asia,Eastern Asia,Developing,,,,Non-Annex I,II,,,Upper middle,CHN,China
COK,184,,Asia and developing Pacific,R10EASPAS,,South-East Asia and developing Pacific,Other Pacific Asia,Other Pacific Asia,R12PAS,Other Asia,cajaz,Developing Pacific,Oceania,Polynesia,Polynesia,Developing,SIDS,,,Non-Annex I,V,,,,COK,Cook Islands
FJI,242,R5ASIA,Asia and developing Pacific,R10EASPAS,R10REST_ASIA,South-East Asia and developing Pacific,Other Pacific Asia,Other Pacific Asia,R12PAS,Other Asia,easia,Developing Pacific,Oceania,Melanesia,Melanesia,Developing,SIDS,,,Non-Annex I,V,,,Upper middle,FJI,Fiji
FSM,583,R5ASIA,Asia and developing Pacific,R10EASPAS,R10REST_ASIA,South-East Asia and developing Pacific,Other Pacific Asia,Other Pacific Asia,R12PAS,Other Asia,easia,Developing Pacific,Oceania,Micronesia,Micronesia,Developing,SIDS,,,Non-Annex I,V,,,Lower-middle,FSM,Micronesia (Federated States of)
HKG,344,R5ASIA,Asia and developing Pacific,R10EASPAS,R10CHINA+,Eastern Asia,Centrally Planned Asia and China,Centrally Planned Asia and China,R12CHN,China,china,Eastern Asia,Asia,Eastern Asia,Eastern Asia,Developing,,,,Territory,,,,High,HKG,Hong Kong
IDN,360,R5ASIA,Asia and developing Pacific,R10EASPAS,R10REST_ASIA,South-East Asia and developing Pacific,Other Pacific Asia,Other Pacific Asia,R12PAS,Other Asia,easia,South-East Asia,Asia,South-Eastern Asia,South-Eastern Asia,Developing,,,,Non-Annex I,V,,,Lower-middle,IDN,Indonesia
KHM,116,R5ASIA,Asia and developing Pacific,R10EASPAS,R10CHINA+,South-East Asia and developing Pacific,Centrally Planned Asia and China,Centrally Planned Asia and China,R12RCPA,Other Asia,easia,South-East Asia,Asia,South-Eastern Asia,South-Eastern Asia,Developing,,,LDC,Non-Annex I,II,,,Lower-middle,KHM,Cambodia
KIR,296,,Asia and developing Pacific,R10EASPAS,,South-East Asia and developing Pacific,Other Pacific Asia,Other Pacific Asia,R12PAS,Other Asia,easia,Developing Pacific,Oceania,Micronesia,Micronesia,Developing,SIDS,,LDC,Non-Annex I,V,,,Lower-middle,KIR,Kiribati
KOR,410,R5ASIA,Asia and developing Pacific,R10EASPAS,R10REST_ASIA,Eastern Asia,Other Pacific Asia,Other Pacific Asia,R12PAS,Other Asia,kosau,Eastern Asia,Asia,Eastern Asia,Eastern Asia,Developing,,,,Non-Annex I,II,,OECD,High,KOR,"Korea, Republic of"
LAO,418,R5ASIA,Asia and developing Pacific,R10EASPAS,R10CHINA+,South-East Asia and developing Pacific,Centrally Planned Asia and China,Centrally Planned Asia and China,R12RCPA,Other Asia,easia,South-East Asia,Asia,South-Eastern Asia,South-Eastern Asia,Developing,,LLDC,LDC,Non-Annex I,II,,,Lower-middle,LAO,Lao People's Democratic Republic
MAC,446,R5ASIA,Asia and developing Pacific,R10EASPAS,R10CHINA+,Eastern Asia,Centrally Planned Asia and China,Centrally Planned Asia and China,R12PAS,China,china,Eastern Asia,Asia,Eastern Asia,Eastern Asia,Developing,,,,Territory,,,,High,MAC,Macao
MHL,584,,Asia and developing Pacific,R10EASPAS,,South-East Asia and developing Pacific,Other Pacific Asia,Other Pacific Asia,R12PAS,Other Asia,easia,Developing Pacific,Oceania,Micronesia,Micronesia,Developing,SIDS,,,Non-Annex I,V,,,Upper middle,MHL,Marshall Islands
MMR,104,R5ASIA,Asia and developing Pacific,R10EASPAS,R10CHINA+,South-East Asia and developing Pacific,Other Pacific Asia,Other Pacific Asia,R12PAS,Other Asia,easia,South-East Asia,Asia,South-Eastern Asia,South-Eastern Asia,Developing,,,LDC,Non-Annex I,II,,,Lower-middle,MMR,Myanmar
MNG,496,R5ASIA,Asia and developing Pacific,R10EASPAS,R10CHINA+,Eastern Asia,Centrally Planned Asia and China,Centrally Planned Asia and China,R12RCPA,Other Asia,easia,Eastern Asia,Asia,Eastern Asia,Eastern Asia,Developing,,LLDC,,Non-Annex I,II,,,Lower-middle,MNG,Mongolia
MNP,580,,Asia and developing Pacific,R10EASPAS,,South-East Asia and developing Pacific,Other Pacific Asia,Other Pacific Asia,R12PAS,Other Asia,easia,Developing Pacific,Oceania,Micronesia,Micronesia,Developing,SIDS,,,Territory,,,,High,MNP,Northern Mariana Islands
MYS,458,R5ASIA,Asia and developing Pacific,R10EASPAS,R10REST_ASIA,South-East Asia and developing Pacific,Other Pacific Asia,Other Pacific Asia,R12PAS,Other Asia,easia,South-East Asia,Asia,South-Eastern Asia,South-Eastern Asia,Developing,,,,Non-Annex I,V,,,Upper middle,MYS,Malaysia
NCL,540,R5ASIA,Asia and developing Pacific,R10EASPAS,R10REST_ASIA,South-East Asia and developing Pacific,Other Pacific Asia,Other Pacific Asia,R12PAS,Other Asia,easia,Developing Pacific,Oceania,Melanesia,Melanesia,Developing,SIDS,,,Territory,,,,High,NCL,New Caledonia
NIU,570,,Asia and developing Pacific,R10EASPAS,,South-East Asia and developing Pacific,Other Pacific Asia,Other Pacific Asia,R12PAS,Other Asia,cajaz,Developing Pacific,Oceania,Polynesia,Polynesia,Developing,SIDS,,,Non-Annex I,V,,,,NIU,Niue
NRU,520,,Asia and developing Pacific,R10EASPAS,,South-East Asia and developing Pacific,Other Pacific Asia,Other Pacific Asia,R12PAS,Other Asia,kosau,Developing Pacific,Oceania,Micronesia,Micronesia,Developing,SIDS,,,Non-Annex I,V,,,High,NRU,Nauru
PCN,612,,Asia and developing Pacific,R10EASPAS,,South-East Asia and developing Pacific,Europe,Western Europe,R12PAS,Other Asia,cajaz,Developing Pacific,Oceania,Polynesia,Polynesia,Developing,,,,Territory,,,,,PCN,Pitcairn
PHL,608,R5ASIA,Asia and developing Pacific,R10EASPAS,R10REST_ASIA,South-East Asia and developing Pacific,Other Pacific Asia,Other Pacific Asia,R12PAS,Other Asia,easia,South-East Asia,Asia,South-Eastern Asia,South-Eastern Asia,Developing,,,,Non-Annex I,V,,,Lower-middle,PHL,Philippines
PLW,585,,Asia and developing Pacific,R10EASPAS,,South-East Asia and developing Pacific,Other Pacific Asia,Other Pacific Asia,R12PAS,Other Asia,easia,Developing Pacific,Oceania,Micronesia,Micronesia,Developing,SIDS,,,Non-Annex I,V,,,High,PLW,Palau
PNG,598,R5ASIA,Asia and developing Pacific,R10EASPAS,R10REST_ASIA,South-East Asia and developing Pacific,Other Pacific Asia,Other Pacific Asia,R12PAS,Other Asia,easia,Developing Pacific,Oceania,Melanesia,Melanesia,Developing,SIDS,,,Non-Annex I,V,,,Lower-middle,PNG,Papua New Guinea
PRK,408,R5ASIA,Asia and developing Pacific,R10EASPAS,R10CHINA+,Eastern Asia,Centrally Planned Asia and China,Centrally Planned Asia and China,R12RCPA,Other Asia,easia,Eastern Asia,Asia,Eastern Asia,Eastern Asia,Developing,,,,Non-Annex I,II,,,Low,PRK,Korea (Democratic People's Republic of)
PYF,258,R5ASIA,Asia and developing Pacific,R10EASPAS,R10REST_ASIA,South-East Asia and developing Pacific,Other Pacific Asia,Other Pacific Asia,R12PAS,Other Asia,easia,Developing Pacific,Oceania,Polynesia,Polynesia,Developing,SIDS,,,Territory,,,,High,PYF,French Polynesia
SGP,702,R5ASIA,Asia and developing Pacific,R10EASPAS,R10REST_ASIA,South-East Asia and developing Pacific,Other Pacific Asia,Other Pacific Asia,R12PAS,Other Asia,easia,South-East Asia,Asia,South-Eastern Asia,South-Eastern Asia,Developing,SIDS,,,Non-Annex I,V,,,High,SGP,Singapore
SLB,90,R5ASIA,Asia and developing Pacific,R10EASPAS,R10REST_ASIA,South-East Asia and developing Pacific,Other Pacific Asia,Other Pacific Asia,R12PAS,Other Asia,easia,Developing Pacific,Oceania,Melanesia,Melanesia,Developing,SIDS,,LDC,Non-Annex I,V,,,Lower-middle,SLB,Solomon Islands
THA,764,R5ASIA,Asia and developing Pacific,R10EASPAS,R10REST_ASIA,South-East Asia and developing Pacific,Other Pacific Asia,Other Pacific Asia,R12PAS,Other Asia,easia,South-East Asia,Asia,South-Eastern Asia,South-Eastern Asia,Developing,,,,Non-Annex I,II,,,Upper middle,THA,Thailand
TKL,772,,Asia and developing Pacific,R10EASPAS,,South-East Asia and developing Pacific,Pacific OECD,Pacific OECD,R12PAS,Other Asia,cajaz,Developing Pacific,Oceania,Polynesia,Polynesia,Developing,,,,Territory,,,,,TKL,Tokelau
TLS,626,R5ASIA,Asia and developing Pacific,R10EASPAS,R10REST_ASIA,South-East Asia and developing Pacific,Other Pacific Asia,Other Pacific Asia,R12PAS,Other Asia,easia,South-East Asia,Asia,South-Eastern Asia,South-Eastern Asia,Developing,SIDS,,LDC,Non-Annex I,V,,,Lower-middle,TLS,Timor-Leste
TON,776,,Asia and developing Pacific,R10EASPAS,,South-East Asia and developing Pacific,Other Pacific Asia,Other Pacific Asia,R12PAS,Other Asia,easia,Developing Pacific,Oceania,Polynesia,Polynesia,Developing,SIDS,,,Non-Annex I,V,,,Upper middle,TON,Tonga
TUV,798,,Asia and developing Pacific,R10EASPAS,,South-East Asia and developing Pacific,Other Pacific Asia,Other Pacific Asia,R12PAS,Other Asia,cajaz,Developing Pacific,Oceania,Polynesia,Polynesia,Developing,SIDS,,LDC,Non-Annex I,V,,,Upper middle,TUV,Tuvalu
TWN,,R5ASIA,Asia and developing Pacific,R10EASPAS,R10REST_ASIA,Eastern Asia,Other Pacific Asia,Other Pacific Asia,R12PAS,China,china,Eastern Asia,Asia,Eastern Asia,Eastern Asia,Developing,,,,Territory,,,,High,TWN,"Taiwan, Province of China"
UMI,581,,Asia and developing Pacific,R10EASPAS,,South-East Asia and developing Pacific,North America,North America,,Other Asia,cajaz,Developing Pacific,Oceania,Micronesia,Micronesia,Developing,,,,Territory,,,,,UMI,United States Minor Outlying Islands
VNM,704,R5ASIA,Asia and developing Pacific,R10EASPAS,R10CHINA+,South-East Asia and developing Pacific,Centrally Planned Asia and China,Centrally Planned Asia and China,R12RCPA,Other Asia,easia,South-East Asia,Asia,South-Eastern Asia,South-Eastern Asia,Developing,,,,Non-Annex I,II,,,Lower-middle,VNM,Viet Nam
VUT,548,R5ASIA,Asia and developing Pacific,R10EASPAS,R10REST_ASIA,South-East Asia and developing Pacific,Other Pacific Asia,Other Pacific Asia,R12PAS,Other Asia,easia,Developing Pacific,Oceania,Melanesia,Melanesia,Developing,SIDS,,,Non-Annex I,V,,,Lower-middle,VUT,Vanuatu
WLF,876,,Asia and developing Pacific,R10EASPAS,,South-East Asia and developing Pacific,Europe,Western Europe,R12PAS,Other Asia,cajaz,Developing Pacific,Oceania,Polynesia,Polynesia,Developing,,,,Territory,,,,,WLF,Wallis and Futuna
WSM,882,R5ASIA,Asia and developing Pacific,R10EASPAS,R10REST_ASIA,South-East Asia and developing Pacific,Other Pacific Asia,Other Pacific Asia,R12PAS,Other Asia,easia,Developing Pacific,Oceania,Polynesia,Polynesia,Developing,SIDS,,,Non-Annex I,V,,,Lower-middle,WSM,Samoa
ALA,248,,Developed Countries,R10EUR,,Europe,Europe,Western Europe,,EU 28,europe,Northern and western Europe,Europe,Northern Europe,Northern Europe,Developed,,,,Territory,,,,,ALA,Åland Islands
ALB,8,R5OECD90+EU,Developed Countries,R10EUR,,Europe,Europe,Eastern Europe,R12EEU,Non-EU28 Europe,te,Southern and eastern Europe,Europe,Southern Europe,Southern Europe,Developed,,,,Non-Annex I,VI,,,Upper middle,ALB,Albania
AND,20,,Developed Countries,R10EUR,,Europe,Europe,Western Europe,R12WEU,Non-EU28 Europe,europe,Southern and eastern Europe,Europe,Southern Europe,Southern Europe,Developed,,,,Non-Annex I,VI,,,High,AND,Andorra
AUT,40,R5OECD90+EU,Developed Countries,R10EUR,R10EUROPE,Europe,Europe,Western Europe,R12WEU,EU 28,europe,Northern and western Europe,Europe,Western Europe,Western Europe,Developed,,,,Annex I,VI,EU,OECD,High,AUT,Austria
BEL,56,R5OECD90+EU,Developed Countries,R10EUR,R10EUROPE,Europe,Europe,Western Europe,R12WEU,EU 28,europe,Northern and western Europe,Europe,Western Europe,Western Europe,Developed,,,,Annex I,VI,EU,OECD,High,BEL,Belgium
BGR,100,R5OECD90+EU,Developed Countries,R10EUR,R10EUROPE,Europe,Europe,Eastern Europe,R12EEU,EU 28,europe,Southern and eastern Europe,Europe,Eastern Europe,Eastern Europe,Developed,,,,Annex I,VI,EU,,Upper middle,BGR,Bulgaria
BIH,70,R5OECD90+EU,Developed Countries,R10EUR,R10EUROPE,Europe,Europe,Eastern Europe,R12EEU,Non-EU28 Europe,te,Southern and eastern Europe,Europe,Southern Europe,Southern Europe,Developed,,,,Non-Annex I,VI,,,Upper middle,BIH,Bosnia and Herzegovina
CHE,756,R5OECD90+EU,Developed Countries,R10EUR,R10EUROPE,Europe,Europe,Western Europe,R12WEU,Non-EU28 Europe,europe,Northern and western Europe,Europe,Western Europe,Western Europe,Developed,,,,Annex I,VI,,OECD,High,CHE,Switzerland
CYP,196,R5OECD90+EU,Developed Countries,R10EUR,R10EUROPE,Europe,Europe,Western Europe,R12WEU,EU 28,europe,Southern and eastern Europe,Asia,Western Asia,Western Asia,Developed,,,,Annex I,VI,EU,,High,CYP,Cyprus
CZE,203,R5OECD90+EU,Developed Countries,R10EUR,,Europe,Europe,Eastern Europe,R12EEU,EU 28,europe,Southern and eastern Europe,Europe,Eastern Europe,Eastern Europe,Developed,,,,Annex I,VI,EU,OECD,High,CZE,Czechia
DEU,276,R5OECD90+EU,Developed Countries,R10EUR,R10EUROPE,Europe,Europe,Western Europe,R12WEU,EU 28,europe,Northern and western Europe,Europe,Western Europe,Western Europe,Developed,,,,Annex I,VI,EU,OECD,High,DEU,Germany
DNK,208,R5OECD90+EU,Developed Countries,R10EUR,R10EUROPE,Europe,Europe,Western Europe,R12WEU,EU 28,europe,Northern and western Europe,Europe,Northern Europe,Northern Europe,Developed,,,,Annex I,VI,EU,OECD,High,DNK,Denmark
ESP,724,R5OECD90+EU,Developed Countries,R10EUR,R10EUROPE,Europe,Europe,Western Europe,R12WEU,EU 28,europe,Southern and eastern Europe,Europe,Southern Europe,Southern Europe,Developed,,,,Annex I,VI,EU,OECD,High,ESP,Spain
EST,233,R5OECD90+EU,Developed Countries,R10EUR,R10EUROPE,Europe,Europe,Eastern Europe,R12EEU,EU 28,europe,Northern and western Europe,Europe,Northern Europe,Northern Europe,Developed,,,,Annex I,VI,EU,OECD,High,EST,Estonia
FIN,246,R5OECD90+EU,Developed Countries,R10EUR,R10EUROPE,Europe,Europe,Western Europe,R12WEU,EU 28,europe,Northern and western Europe,Europe,Northern Europe,Northern Europe,Developed,,,,Annex I,VI,EU,OECD,High,FIN,Finland
FRA,250,R5OECD90+EU,Developed Countries,R10EUR,R10EUROPE,Europe,Europe,Western Europe,R12WEU,EU 28,europe,Northern and western Europe,Europe,Western Europe,Western Europe,Developed,,,,Annex I,VI,EU,OECD,High,FRA,France
FRO,234,,Developed Countries,R10EUR,,Europe,Europe,Western Europe,R12WEU,EU 28,europe,Northern and western Europe,Europe,Northern Europe,Northern Europe,Developed,,,,Territory,,,,High,FRO,Faroe Islands
GBR,826,R5OECD90+EU,Developed Countries,R10EUR,R10EUROPE,Europe,Europe,Western Europe,R12WEU,EU 28,europe,Northern and western Europe,Europe,Northern Europe,Northern Europe,Developed,,,,Annex I,VI,,OECD,High,GBR,United Kingdom of Great Britain and Northern Ireland
GGY,831,,Developed Countries,R10EUR,,Europe,Europe,Western Europe,,EU 28,europe,Northern and western Europe,Europe,Northern Europe,Channel Islands,Developed,,,,Territory,,,,High,GGY,Guernsey
GIB,292,,Developed Countries,R10EUR,,Europe,Europe,Western Europe,R12WEU,EU 28,europe,Southern and eastern Europe,Europe,Southern Europe,Southern Europe,Developed,,,,Territory,,,,High,GIB,Gibraltar
GRC,300,R5OECD90+EU,Developed Countries,R10EUR,R10EUROPE,Europe,Europe,Western Europe,R12WEU,EU 28,europe,Southern and eastern Europe,Europe,Southern Europe,Southern Europe,Developed,,,,Annex I,VI,EU,OECD,High,GRC,Greece
GRL,304,,Developed Countries,R10EUR,,North America,Europe,Western Europe,R12WEU,Non-EU28 Europe,europe,"Greenland, Bermuda + others",Americas,Northern America,Northern America,Developed,,,,Territory,,,,High,GRL,Greenland
HRV,191,R5OECD90+EU,Developed Countries,R10EUR,R10EUROPE,Europe,Europe,Eastern Europe,R12EEU,EU 28,europe,Southern and eastern Europe,Europe,Southern Europe,Southern Europe,Developed,,,,Annex I,VI,EU,,High,HRV,Croatia
HUN,348,R5OECD90+EU,Developed Countries,R10EUR,R10EUROPE,Europe,Europe,Eastern Europe,R12EEU,EU 28,europe,Southern and eastern Europe,Europe,Eastern Europe,Eastern Europe,Developed,,,,Annex I,VI,EU,OECD,High,HUN,Hungary
IMN,833,,Developed Countries,R10EUR,,Europe,Europe,Western Europe,R12WEU,EU 28,europe,Northern and western Europe,Europe,Northern Europe,Northern Europe,Developed,,,,Territory,,,,High,IMN,Isle of Man
IRL,372,R5OECD90+EU,Developed Countries,R10EUR,R10EUROPE,Europe,Europe,Western Europe,R12WEU,EU 28,europe,Northern and western Europe,Europe,Northern Europe,Northern Europe,Developed,,,,Annex I,VI,EU,OECD,High,IRL,Ireland
ISL,352,R5OECD90+EU,Developed Countries,R10EUR,R10EUROPE,Europe,Europe,Western Europe,R12WEU,Non-EU28 Europe,europe,Northern and western Europe,Europe,Northern Europe,Northern Europe,Developed,,,,Annex I,VI,,OECD,High,ISL,Iceland
ITA,380,R5OECD90+EU,Developed Countries,R10EUR,R10EUROPE,Europe,Europe,Western Europe,R12WEU,EU 28,europe,Southern and eastern Europe,Europe,Southern Europe,Southern Europe,Developed,,,,Annex I,VI,EU,OECD,High,ITA,Italy
JEY,832,,Developed Countries,R10EUR,,Europe,Europe,Western Europe,,EU 28,europe,Northern and western Europe,Europe,Northern Europe,Channel Islands,Developed,,,,Territory,,,,High,JEY,Jersey
LIE,438,,Developed Countries,R10EUR,,Europe,Europe,Western Europe,R12WEU,Non-EU28 Europe,europe,Northern and western Europe,Europe,Western Europe,Western Europe,Developed,,,,Annex I,VI,,,High,LIE,Liechtenstein
LTU,440,R5OECD90+EU,Developed Countries,R10EUR,R10EUROPE,Europe,Europe,Eastern Europe,R12EEU,EU 28,europe,Northern and western Europe,Europe,Northern Europe,Northern Europe,Developed,,,,Annex I,VI,EU,OECD,High,LTU,Lithuania
LUX,442,R5OECD90+EU,Developed Countries,R10EUR,R10EUROPE,Europe,Europe,Western Europe,R12WEU,EU 28,europe,Northern and western Europe,Europe,Western Europe,Western Europe,Developed,,,,Annex I,VI,EU,OECD,High,LUX,Luxembourg
LVA,428,R5OECD90+EU,Developed Countries,R10EUR,R10EUROPE,Europe,Europe,Eastern Europe,R12EEU,EU 28,europe,Northern and western Europe,Europe,Northern Europe,Northern Europe,Developed,,,,Annex I,VI,EU,OECD,High,LVA,Latvia
MCO,492,,Developed Countries,R10EUR,,Europe,Europe,Western Europe,R12WEU,Non-EU28 Europe,europe,Northern and western Europe,Europe,Western Europe,Western Europe,Developed,,,,Annex I,VI,,,High,MCO,Monaco
MKD,807,R5OECD90+EU,Europe,R10EUR,R10EUROPE,Europe,Europe,Eastern Europe,R12EEU,Non-EU28 Europe,te,Southern and eastern Europe,Europe,Southern Europe,Southern Europe,Developed,,LLDC,,Non-Annex I,VI,,,Upper middle,MKD,North Macedonia
MLT,470,R5OECD90+EU,Developed Countries,R10EUR,R10EUROPE,Europe,Europe,Western Europe,R12WEU,EU 28,europe,Southern and eastern Europe,Europe,Southern Europe,Southern Europe,Developed,,,,Annex I,VI,EU,,High,MLT,Malta
MNE,499,R5OECD90+EU,Developed Countries,R10EUR,R10EUROPE,Europe,Europe,Eastern Europe,R12EEU,Non-EU28 Europe,te,Southern and eastern Europe,Europe,Southern Europe,Southern Europe,Developed,,,,Non-Annex I,VI,,,Upper middle,MNE,Montenegro
NLD,528,R5OECD90+EU,Developed Countries,R10EUR,R10EUROPE,Europe,Europe,Western Europe,R12WEU,EU 28,europe,Northern and western Europe,Europe,Western Europe,Western Europe,Developed,,,,Annex I,VI,EU,OECD,High,NLD,Netherlands
NOR,578,R5OECD90+EU,Developed Countries,R10EUR,R10EUROPE,Europe,Europe,Western Europe,R12WEU,Non-EU28 Europe,europe,Northern and western Europe,Europe,Northern Europe,Northern Europe,Developed,,,,Annex I,VI,,OECD,High,NOR,Norway
POL,616,R5OECD90+EU,Developed Countries,R10EUR,R10EUROPE,Europe,Europe,Eastern Europe,R12EEU,EU 28,europe,Southern and eastern Europe,Europe,Eastern Europe,Eastern Europe,Developed,,,,Annex I,VI,EU,OECD,High,POL,Poland
PRT,620,R5OECD90+EU,Developed Countries,R10EUR,R10EUROPE,Europe,Europe,Western Europe,R12WEU,EU 28,europe,Southern and eastern Europe,Europe,Southern Europe,Southern Europe,Developed,,,,Annex I,VI,EU,OECD,High,PRT,Portugal
ROU,642,R5OECD90+EU,Developed Countries,R10EUR,R10EUROPE,Europe,Europe,Eastern Europe,R12EEU,EU 28,europe,Southern and eastern Europe,Europe,Eastern Europe,Eastern Europe,Developed,,,,Annex I,VI,EU,,Upper middle,ROU,Romania
SJM,744,,Developed Countries,R10EUR,,Europe,Europe,Western Europe,R12WEU,Non-EU28 Europe,europe,Northern and western Europe,Europe,Northern Europe,Northern Europe,Developed,,,,Territory,,,,,SJM,Svalbard and Jan Mayen
SMR,674,,Developed Countries,R10EUR,,Europe,Europe,Western Europe,R12WEU,Non-EU28 Europe,europe,Southern and eastern Europe,Europe,Southern Europe,Southern Europe,Developed,,,,Non-Annex I,VI,,,High,SMR,San Marino
SRB,688,R5OECD90+EU,Developed Countries,R10EUR,R10EUROPE,Europe,Europe,Eastern Europe,R12EEU,Non-EU28 Europe,te,Southern and eastern Europe,Europe,Southern Europe,Southern Europe,Developed,,,,Non-Annex I,VI,,,Upper middle,SRB,Serbia
SVK,703,R5OECD90+EU,Developed Countries,R10EUR,R10EUROPE,Europe,Europe,Eastern Europe,R12EEU,EU 28,europe,Southern and eastern Europe,Europe,Eastern Europe,Eastern Europe,Developed,,,,Annex I,VI,EU,OECD,High,SVK,Slovakia
SVN,705,R5OECD90+EU,Developed Countries,R10EUR,R10EUROPE,Europe,Europe,Eastern Europe,R12EEU,EU 28,europe,Southern and eastern Europe,Europe,Southern Europe,Southern Europe,Developed,,,,Annex I,VI,EU,OECD,High,SVN,Slovenia
SWE,752,R5OECD90+EU,Developed Countries,R10EUR,R10EUROPE,Europe,Europe,Western Europe,R12WEU,EU 28,europe,Northern and western Europe,Europe,Northern Europe,Northern Europe,Developed,,,,Annex I,VI,EU,OECD,High,SWE,Sweden
TUR,792,R5OECD90+EU,Developed Countries,R10EUR,R10EUROPE,Europe,Europe,Western Europe,R12WEU,Non-EU28 Europe,te,Southern and eastern Europe,Asia,Western Asia,Western Asia,Developed,,,,Annex I,VI,,OECD,Upper middle,TUR,Turkey
VAT,336,,Developed Countries,R10EUR,,Europe,Europe,Western Europe,R12WEU,Non-EU28 Europe,europe,Southern and eastern Europe,Europe,Southern Europe,Southern Europe,Developed,,,,Territory,,,,,VAT,Holy See
ARM,51,R5REF,Eastern Europe and West-Central Asia,R10FSU,R10REF_ECON,Eastern Europe and West-Central Asia,Former Soviet Union,Former Soviet Union,R12FSU,Countries from the Reforming Economies of the Former Soviet Union,te,Eastern Europe and West-Central Asia,Asia,Western Asia,Western Asia,Developing,,LLDC,,Non-Annex I,VI,,,Upper middle,ARM,Armenia
AZE,31,R5REF,Eastern Europe and West-Central Asia,R10FSU,R10REF_ECON,Eastern Europe and West-Central Asia,Former Soviet Union,Former Soviet Union,R12FSU,Countries from the Reforming Economies of the Former Soviet Union,te,Eastern Europe and West-Central Asia,Asia,Western Asia,Western Asia,Developing,,LLDC,,Non-Annex I,VI,,,Upper middle,AZE,Azerbaijan
BLR,112,R5REF,Eastern Europe and West-Central Asia,R10FSU,R10REF_ECON,Eastern Europe and West-Central Asia,Former Soviet Union,Former Soviet Union,R12FSU,Countries from the Reforming Economies of the Former Soviet Union,te,Eastern Europe and West-Central Asia,Europe,Eastern Europe,Eastern Europe,Developed,,,,Annex I,VI,,,Upper middle,BLR,Belarus
GEO,268,R5REF,Eastern Europe and West-Central Asia,R10FSU,R10REF_ECON,Eastern Europe and West-Central Asia,Former Soviet Union,Former Soviet Union,R12FSU,Countries from the Reforming Economies of the Former Soviet Union,te,Eastern Europe and West-Central Asia,Asia,Western Asia,Western Asia,Developing,,,,Non-Annex I,VI,,,Upper middle,GEO,Georgia
KAZ,398,R5REF,Eastern Europe and West-Central Asia,R10FSU,R10REF_ECON,Eastern Europe and West-Central Asia,Former Soviet Union,Former Soviet Union,R12FSU,Countries from the Reforming Economies of the Former Soviet Union,te,Eastern Europe and West-Central Asia,Asia,Central Asia,Central Asia,Developing,,LLDC,,Non-Annex I,II,,,Upper middle,KAZ,Kazakhstan
KGZ,417,R5REF,Eastern Europe and West-Central Asia,R10FSU,R10REF_ECON,Eastern Europe and West-Central Asia,Former Soviet Union,Former Soviet Union,R12FSU,Countries from the Reforming Economies of the Former Soviet Union,te,Eastern Europe and West-Central Asia,Asia,Central Asia,Central Asia,Developing,,LLDC,,Non-Annex I,II,,,Lower-middle,KGZ,Kyrgyzstan
MDA,498,R5REF,Eastern Europe and West-Central Asia,R10FSU,R10REF_ECON,Eastern Europe and West-Central Asia,Former Soviet Union,Former Soviet Union,R12FSU,Countries from the Reforming Economies of the Former Soviet Union,te,Eastern Europe and West-Central Asia,Europe,Eastern Europe,Eastern Europe,Developed,,LLDC,,Non-Annex I,VI,,,Upper middle,MDA,"Moldova, Republic of"
RUS,643,R5REF,Eastern Europe and West-Central Asia,R10FSU,R10REF_ECON,Eastern Europe and West-Central Asia,Former Soviet Union,Former Soviet Union,R12FSU,Countries from the Reforming Economies of the Former Soviet Union,te,Eastern Europe and West-Central Asia,Europe,Eastern Europe,Eastern Europe,Developed,,,,Annex I,VI,,,Upper middle,RUS,Russian Federation
TJK,762,R5REF,Eastern Europe and West-Central Asia,R10FSU,R10REF_ECON,Eastern Europe and West-Central Asia,Former Soviet Union,Former Soviet Union,R12FSU,Countries from the Reforming Economies of the Former Soviet Union,te,Eastern Europe and West-Central Asia,Asia,Central Asia,Central Asia,Developing,,LLDC,,Non-Annex I,II,,,Lower-middle,TJK,Tajikistan
TKM,795,R5REF,Eastern Europe and West-Central Asia,R10FSU,R10REF_ECON,Eastern Europe and West-Central Asia,Former Soviet Union,Former Soviet Union,R12FSU,Countries from the Reforming Economies of the Former Soviet Union,te,Eastern Europe and West-Central Asia,Asia,Central Asia,Central Asia,Developing,,LLDC,,Non-Annex I,II,,,Upper middle,TKM,Turkmenistan
UKR,804,R5REF,Developed Countries,R10FSU,R10REF_ECON,Eastern Europe and West-Central Asia,Former Soviet Union,Former Soviet Union,R12FSU,Countries from the Reforming Economies of the Former Soviet Union,te,Eastern Europe and West-Central Asia,Europe,Eastern Europe,Eastern Europe,Developed,,,,Annex I,VI,,,Lower-middle,UKR,Ukraine
UZB,860,R5REF,Eastern Europe and West-Central Asia,R10FSU,R10REF_ECON,Eastern Europe and West-Central Asia,Former Soviet Union,Former Soviet Union,R12FSU,Countries from the Reforming Economies of the Former Soviet Union,te,Eastern Europe and West-Central Asia,Asia,Central Asia,Central Asia,Developing,,LLDC,,Non-Annex I,II,,,Lower-middle,UZB,Uzbekistan
ABW,533,R5LAM,Latin America and Caribbean,R10LAM,,Latin America and Caribbean,Latin America and the Caribbean,Latin America and the Caribbean,R12LAM,Latin America and the Caribbean,laca,Caribbean,Americas,Latin America and the Caribbean,Caribbean,Developing,SIDS,,,Territory,,,,High,ABW,Aruba
AIA,660,,Latin America and Caribbean,R10LAM,,Latin America and Caribbean,Latin America and the Caribbean,Latin America and the Caribbean,R12LAM,Latin America and the Caribbean,laca,Caribbean,Americas,Latin America and the Caribbean,Caribbean,Developing,SIDS,,,Territory,,,,,AIA,Anguilla
ARG,32,R5LAM,Latin America and Caribbean,R10LAM,R10LATIN_AM,Latin America and Caribbean,Latin America and the Caribbean,Latin America and the Caribbean,R12LAM,Latin America and the Caribbean,laca,South America,Americas,Latin America and the Caribbean,South America,Developing,,,,Non-Annex I,III,,,Upper middle,ARG,Argentina
ATG,28,,Latin America and Caribbean,R10LAM,,Latin America and Caribbean,Latin America and the Caribbean,Latin America and the Caribbean,R12LAM,Latin America and the Caribbean,laca,Caribbean,Americas,Latin America and the Caribbean,Caribbean,Developing,SIDS,,,Non-Annex I,IV,,,High,ATG,Antigua and Barbuda
BES,535,,Latin America and Caribbean,R10LAM,,Latin America and Caribbean,,,R12LAM,Latin America and the Caribbean,laca,Caribbean,Americas,Latin America and the Caribbean,Caribbean,Developing,SIDS,,,Territory,,,,,BES,"Bonaire, Sint Eustatius and Saba"
BHS,44,R5LAM,Latin America and Caribbean,R10LAM,R10LATIN_AM,Latin America and Caribbean,Latin America and the Caribbean,Latin America and the Caribbean,R12LAM,Latin America and the Caribbean,laca,Caribbean,Americas,Latin America and the Caribbean,Caribbean,Developing,SIDS,,,Non-Annex I,IV,,,High,BHS,Bahamas
BLM,652,,Latin America and Caribbean,R10LAM,,Latin America and Caribbean,Europe,Western Europe,,Latin America and the Caribbean,laca,Caribbean,Americas,Latin America and the Caribbean,Caribbean,Developing,,,,Territory,,,,,BLM,Saint Barthélemy
BLZ,84,R5LAM,Latin America and Caribbean,R10LAM,R10LATIN_AM,Latin America and Caribbean,Latin America and the Caribbean,Latin America and the Caribbean,R12LAM,Latin America and the Caribbean,laca,Meso America,Americas,Latin America and the Caribbean,Central America,Developing,SIDS,,,Non-Annex I,IV,,,Lower-middle,BLZ,Belize
BMU,60,,Developed Countries,R10LAM,,North America,Latin America and the Caribbean,Latin America and the Caribbean,R12LAM,Latin America and the Caribbean,laca,"Greenland, Bermuda + others",Americas,Northern America,Northern America,Developed,,,,Territory,,,,High,BMU,Bermuda
BOL,68,R5LAM,Latin America and Caribbean,R10LAM,R10LATIN_AM,Latin America and Caribbean,Latin America and the Caribbean,Latin America and the Caribbean,R12LAM,Latin America and the Caribbean,laca,South America,Americas,Latin America and the Caribbean,South America,Developing,,LLDC,,Non-Annex I,III,,,Lower-middle,BOL,Bolivia (Plurinational State of)
BRA,76,R5LAM,Latin America and Caribbean,R10LAM,R10LATIN_AM,Latin America and Caribbean,Latin America and the Caribbean,Latin America and the Caribbean,R12LAM,Latin America and the Caribbean,laca,South America,Americas,Latin America and the Caribbean,South America,Developing,,,,Non-Annex I,III,,,Upper middle,BRA,Brazil
BRB,52,R5LAM,Latin America and Caribbean,R10LAM,R10LATIN_AM,Latin America and Caribbean,Latin America and the Caribbean,Latin America and the Caribbean,R12LAM,Latin America and the Caribbean,laca,Caribbean,Americas,Latin America and the Caribbean,Caribbean,Developing,SIDS,,,Non-Annex I,IV,,,High,BRB,Barbados
BVT,74,,Latin America and Caribbean,R10LAM,,Latin America and Caribbean,,,,Latin America and the Caribbean,ssa,South America,Americas,Latin America and the Caribbean,South America,Developing,,,,Territory,,,,,BVT,Bouvet Island
CHL,152,R5LAM,Latin America and Caribbean,R10LAM,R10LATIN_AM,Latin America and Caribbean,Latin America and the Caribbean,Latin America and the Caribbean,R12LAM,Latin America and the Caribbean,laca,South America,Americas,Latin America and the Caribbean,South America,Developing,,,,Non-Annex I,III,,OECD,High,CHL,Chile
COL,170,R5LAM,Latin America and Caribbean,R10LAM,R10LATIN_AM,Latin America and Caribbean,Latin America and the Caribbean,Latin America and the Caribbean,R12LAM,Latin America and the Caribbean,laca,South America,Americas,Latin America and the Caribbean,South America,Developing,,,,Non-Annex I,III,,OECD,Upper middle,COL,Colombia
CRI,188,R5LAM,Latin America and Caribbean,R10LAM,R10LATIN_AM,Latin America and Caribbean,Latin America and the Caribbean,Latin America and the Caribbean,R12LAM,Latin America and the Caribbean,laca,Meso America,Americas,Latin America and the Caribbean,Central America,Developing,,,,Non-Annex I,IV,,OECD,Upper middle,CRI,Costa Rica
CUB,192,R5LAM,Latin America and Caribbean,R10LAM,R10LATIN_AM,Latin America and Caribbean,Latin America and the Caribbean,Latin America and the Caribbean,R12LAM,Latin America and the Caribbean,laca,Caribbean,Americas,Latin America and the Caribbean,Caribbean,Developing,SIDS,,,Non-Annex I,IV,,,Upper middle,CUB,Cuba
CUW,531,,Latin America and Caribbean,R10LAM,,Latin America and Caribbean,,,R12LAM,Latin America and the Caribbean,laca,Caribbean,Americas,Latin America and the Caribbean,Caribbean,Developing,SIDS,,,Territory,,,,High,CUW,Curaçao
CYM,136,,Latin America and Caribbean,R10LAM,,Latin America and Caribbean,Latin America and the Caribbean,Latin America and the Caribbean,R12LAM,Latin America and the Caribbean,laca,Caribbean,Americas,Latin America and the Caribbean,Caribbean,Developing,,,,Territory,,,,High,CYM,Cayman Islands
DMA,212,,Latin America and Caribbean,R10LAM,,Latin America and Caribbean,Latin America and the Caribbean,Latin America and the Caribbean,R12LAM,Latin America and the Caribbean,laca,Caribbean,Americas,Latin America and the Caribbean,Caribbean,Developing,SIDS,,,Non-Annex I,IV,,,Upper middle,DMA,Dominica
DOM,214,R5LAM,Latin America and Caribbean,R10LAM,R10LATIN_AM,Latin America and Caribbean,Latin America and the Caribbean,Latin America and the Caribbean,R12LAM,Latin America and the Caribbean,laca,Caribbean,Americas,Latin America and the Caribbean,Caribbean,Developing,SIDS,,,Non-Annex I,IV,,,Upper middle,DOM,Dominican Republic
ECU,218,R5LAM,Latin America and Caribbean,R10LAM,R10LATIN_AM,Latin America and Caribbean,Latin America and the Caribbean,Latin America and the Caribbean,R12LAM,Latin America and the Caribbean,laca,South America,Americas,Latin America and the Caribbean,South America,Developing,,,,Non-Annex I,III,,,Upper middle,ECU,Ecuador
FLK,238,,Latin America and Caribbean,R10LAM,,Latin America and Caribbean,Latin America and the Caribbean,Latin America and the Caribbean,R12LAM,Latin America and the Caribbean,laca,South America,Americas,Latin America and the Caribbean,South America,Developing,,,,Territory,,,,,FLK,Falkland Islands (Malvinas)
GLP,312,R5LAM,Latin America and Caribbean,R10LAM,R10LATIN_AM,Latin America and Caribbean,Latin America and the Caribbean,Latin America and the Caribbean,R12LAM,Latin America and the Caribbean,laca,Caribbean,Americas,Latin America and the Caribbean,Caribbean,Developing,,,,Territory,,,,,GLP,Guadeloupe
GRD,308,R5LAM,Latin America and Caribbean,R10LAM,R10LATIN_AM,Latin America and Caribbean,Latin America and the Caribbean,Latin America and the Caribbean,R12LAM,Latin America and the Caribbean,laca,Caribbean,Americas,Latin America and the Caribbean,Caribbean,Developing,SIDS,,,Non-Annex I,IV,,,Upper middle,GRD,Grenada
GTM,320,R5LAM,Latin America and Caribbean,R10LAM,R10LATIN_AM,Latin America and Caribbean,Latin America and the Caribbean,Latin America and the Caribbean,R12LAM,Latin America and the Caribbean,laca,Meso America,Americas,Latin America and the Caribbean,Central America,Developing,,,,Non-Annex I,IV,,,Upper middle,GTM,Guatemala
GUF,254,R5LAM,Latin America and Caribbean,R10LAM,,Latin America and Caribbean,Latin America and the Caribbean,Latin America and the Caribbean,R12LAM,Latin America and the Caribbean,laca,South America,Americas,Latin America and the Caribbean,South America,Developing,,,,Territory,,,,,GUF,French Guiana
GUY,328,R5LAM,Latin America and Caribbean,R10LAM,R10LATIN_AM,Latin America and Caribbean,Latin America and the Caribbean,Latin America and the Caribbean,R12LAM,Latin America and the Caribbean,laca,South America,Americas,Latin America and the Caribbean,South America,Developing,SIDS,,,Non-Annex I,III,,,Upper middle,GUY,Guyana
HND,340,R5LAM,Latin America and Caribbean,R10LAM,R10LATIN_AM,Latin America and Caribbean,Latin America and the Caribbean,Latin America and the Caribbean,R12LAM,Latin America and the Caribbean,laca,Meso America,Americas,Latin America and the Caribbean,Central America,Developing,,,,Non-Annex I,IV,,,Lower-middle,HND,Honduras
HTI,332,R5LAM,Latin America and Caribbean,R10LAM,R10LATIN_AM,Latin America and Caribbean,Latin America and the Caribbean,Latin America and the Caribbean,R12LAM,Latin America and the Caribbean,laca,Caribbean,Americas,Latin America and the Caribbean,Caribbean,Developing,SIDS,,LDC,Non-Annex I,IV,,,Lower-middle,HTI,Haiti
JAM,388,R5LAM,Latin America and Caribbean,R10LAM,R10LATIN_AM,Latin America and Caribbean,Latin America and the Caribbean,Latin America and the Caribbean,R12LAM,Latin America and the Caribbean,laca,Caribbean,Americas,Latin America and the Caribbean,Caribbean,Developing,SIDS,,,Non-Annex I,IV,,,Upper middle,JAM,Jamaica
KNA,659,,Latin America and Caribbean,R10LAM,,Latin America and Caribbean,Latin America and the Caribbean,Latin America and the Caribbean,R12LAM,Latin America and the Caribbean,laca,Caribbean,Americas,Latin America and the Caribbean,Caribbean,Developing,SIDS,,,Non-Annex I,IV,,,High,KNA,Saint Kitts and Nevis
LCA,662,,Latin America and Caribbean,R10LAM,,Latin America and Caribbean,Latin America and the Caribbean,Latin America and the Caribbean,R12LAM,Latin America and the Caribbean,laca,Caribbean,Americas,Latin America and the Caribbean,Caribbean,Developing,SIDS,,,Non-Annex I,IV,,,Upper middle,LCA,Saint Lucia
MAF,663,,Latin America and Caribbean,R10LAM,,Latin America and Caribbean,Europe,Western Europe,,Latin America and the Caribbean,laca,Caribbean,Americas,Latin America and the Caribbean,Caribbean,Developing,,,,Territory,,,,High,MAF,Saint Martin (French part)
MEX,484,R5LAM,Latin America and Caribbean,R10LAM,R10LATIN_AM,Latin America and Caribbean,Latin America and the Caribbean,Latin America and the Caribbean,R12LAM,Latin America and the Caribbean,laca,Meso America,Americas,Latin America and the Caribbean,Central America,Developing,,,,Non-Annex I,IV,,OECD,Upper middle,MEX,Mexico
MSR,500,,Latin America and Caribbean,R10LAM,,Latin America and Caribbean,Latin America and the Caribbean,Latin America and the Caribbean,R12LAM,Latin America and the Caribbean,laca,Caribbean,Americas,Latin America and the Caribbean,Caribbean,Developing,SIDS,,,Territory,,,,,MSR,Montserrat
MTQ,474,R5LAM,Latin America and Caribbean,R10LAM,R10LATIN_AM,Latin America and Caribbean,Latin America and the Caribbean,Latin America and the Caribbean,R12LAM,Latin America and the Caribbean,laca,Caribbean,Americas,Latin America and the Caribbean,Caribbean,Developing,,,,Territory,,,,,MTQ,Martinique
NIC,558,R5LAM,Latin America and Caribbean,R10LAM,R10LATIN_AM,Latin America and Caribbean,Latin America and the Caribbean,Latin America and the Caribbean,R12LAM,Latin America and the Caribbean,laca,Meso America,Americas,Latin America and the Caribbean,Central America,Developing,,,,Non-Annex I,IV,,,Lower-middle,NIC,Nicaragua
PAN,591,R5LAM,Latin America and Caribbean,R10LAM,R10LATIN_AM,Latin America and Caribbean,Latin America and the Caribbean,Latin America and the Caribbean,R12LAM,Latin America and the Caribbean,laca,Meso America,Americas,Latin America and the Caribbean,Central America,Developing,,,,Non-Annex I,IV,,,Upper middle,PAN,Panama
PER,604,R5LAM,Latin America and Caribbean,R10LAM,R10LATIN_AM,Latin America and Caribbean,Latin America and the Caribbean,Latin America and the Caribbean,R12LAM,Latin America and the Caribbean,laca,South America,Americas,Latin America and the Caribbean,South America,Developing,,,,Non-Annex I,III,,,Upper middle,PER,Peru
PRI,630,R5OECD90+EU,Latin America and Caribbean,R10LAM,R10LATIN_AM,Latin America and Caribbean,North America,North America,R12NAM,Latin America and the Caribbean,laca,Caribbean,Americas,Latin America and the Caribbean,Caribbean,Developing,SIDS,,,Territory,,,,High,PRI,Puerto Rico
PRY,600,R5LAM,Latin America and Caribbean,R10LAM,R10LATIN_AM,Latin America and Caribbean,Latin America and the Caribbean,Latin America and the Caribbean,R12LAM,Latin America and the Caribbean,laca,South America,Americas,Latin America and the Caribbean,South America,Developing,,LLDC,,Non-Annex I,III,,,Upper middle,PRY,Paraguay
SGS,239,,Latin America and Caribbean,R10LAM,,Latin America and Caribbean,Europe,Western Europe,,Latin America and the Caribbean,laca,South America,Americas,Latin America and the Caribbean,South America,Developing,,,,Territory,,,,,SGS,South Georgia and the South Sandwich Islands
SLV,222,R5LAM,Latin America and Caribbean,R10LAM,R10LATIN_AM,Latin America and Caribbean,Latin America and the Caribbean,Latin America and the Caribbean,R12LAM,Latin America and the Caribbean,laca,Meso America,Americas,Latin America and the Caribbean,Central America,Developing,,,,Non-Annex I,IV,,,Lower-middle,SLV,El Salvador
SPM,666,,Developed Countries,R10LAM,,North America,Europe,Western Europe,R12NAM,"Canada, NZ, Australia",europe,"Greenland, Bermuda + others",Americas,Northern America,Northern America,Developed,,,,Territory,,,,,SPM,Saint Pierre and Miquelon
SUR,740,R5LAM,Latin America and Caribbean,R10LAM,R10LATIN_AM,Latin America and Caribbean,Latin America and the Caribbean,Latin America and the Caribbean,R12LAM,Latin America and the Caribbean,laca,South America,Americas,Latin America and the Caribbean,South America,Developing,SIDS,,,Non-Annex I,III,,,Upper middle,SUR,Suriname
SXM,534,,Latin America and Caribbean,R10LAM,,Latin America and Caribbean,,,R12LAM,Latin America and the Caribbean,laca,Caribbean,Americas,Latin America and the Caribbean,Caribbean,Developing,SIDS,,,Territory,,,,High,SXM,Sint Maarten (Dutch part)
TCA,796,,Latin America and Caribbean,R10LAM,,Latin America and Caribbean,Latin America and the Caribbean,Latin America and the Caribbean,R12LAM,Latin America and the Caribbean,laca,Caribbean,Americas,Latin America and the Caribbean,Caribbean,Developing,,,,Territory,,,,High,TCA,Turks and Caicos Islands
TTO,780,R5LAM,Latin America and Caribbean,R10LAM,R10LATIN_AM,Latin America and Caribbean,Latin America and the Caribbean,Latin America and the Caribbean,R12LAM,Latin America and the Caribbean,laca,Caribbean,Americas,Latin America and the Caribbean,Caribbean,Developing,SIDS,,,Non-Annex I,IV,,,High,TTO,Trinidad and Tobago
URY,858,R5LAM,Latin America and Caribbean,R10LAM,R10LATIN_AM,Latin America and Caribbean,Latin America and the Caribbean,Latin America and the Caribbean,R12LAM,Latin America and the Caribbean,laca,South America,Americas,Latin America and the Caribbean,South America,Developing,,,,Non-Annex I,III,,,High,URY,Uruguay
VCT,670,,Latin America and Caribbean,R10LAM,,Latin America and Caribbean,Latin America and the Caribbean,Latin America and the Caribbean,R12LAM,Latin America and the Caribbean,laca,Caribbean,Americas,Latin America and the Caribbean,Caribbean,Developing,SIDS,,,Non-Annex I,IV,,,Upper middle,VCT,Saint Vincent and the Grenadines
VEN,862,R5LAM,Latin America and Caribbean,R10LAM,R10LATIN_AM,Latin America and Caribbean,Latin America and the Caribbean,Latin America and the Caribbean,R12LAM,Latin America and the Caribbean,laca,South America,Americas,Latin America and the Caribbean,South America,Developing,,,,Non-Annex I,III,,,Upper middle,VEN,Venezuela (Bolivarian Republic of)
VGB,92,,Latin America and Caribbean,R10LAM,,Latin America and Caribbean,Europe,Western Europe,R12LAM,Latin America and the Caribbean,laca,Caribbean,Americas,Latin America and the Caribbean,Caribbean,Developing,SIDS,,,Territory,,,,High,VGB,Virgin Islands (British)
VIR,850,R5LAM,Latin America and Caribbean,R10LAM,,Latin America and Caribbean,North America,North America,R12NAM,Latin America and the Caribbean,laca,Caribbean,Americas,Latin America and the Caribbean,Caribbean,Developing,SIDS,,,Territory,,,,High,VIR,Virgin Islands (U.S.)
CAN,124,R5OECD90+EU,Developed Countries,R10NAM,R10NORTH_AM,North America,North America,North America,R12NAM,"Canada, NZ, Australia",cajaz,USA & Canada,Americas,Northern America,Northern America,Developed,,,,Annex I,IV,,OECD,High,CAN,Canada
GUM,316,R5OECD90+EU,Asia and developing Pacific,R10NAM,R10NORTH_AM,South-East Asia and developing Pacific,North America,North America,R12NAM,Other Asia,easia,Developing Pacific,Oceania,Micronesia,Micronesia,Developing,SIDS,,,Territory,,,,High,GUM,Guam
USA,840,R5OECD90+EU,Developed Countries,R10NAM,R10NORTH_AM,North America,North America,North America,R12NAM,United States of America,usa,USA & Canada,Americas,Northern America,Northern America,Developed,,,,Annex I,IV,,OECD,High,USA,United States of America
AUS,36,R5OECD90+EU,Developed Countries,R10PAO,R10PAC_OECD,Asia-Pacific Developed,Pacific OECD,Pacific OECD,R12PAO,"Canada, NZ, Australia",kosau,Australia & New Zealand,Oceania,Australia and New Zealand,Australia and New Zealand,Developed,,,,Annex I,V,,OECD,High,AUS,Australia
CCK,166,,Developed Countries,R10PAO,,Asia-Pacific Developed,Other Pacific Asia,Other Pacific Asia,R12PAS,Other Asia,easia,Asia-Pacific Developed (others),Oceania,Australia and New Zealand,Australia and New Zealand,Developed,,,,Territory,,,,,CCK,Cocos (Keeling) Islands
CXR,162,,Developed Countries,R10PAO,,Asia-Pacific Developed,Pacific OECD,Pacific OECD,R12PAS,Other Asia,kosau,Asia-Pacific Developed (others),Oceania,Australia and New Zealand,Australia and New Zealand,Developed,,,,Territory,,,,,CXR,Christmas Island
HMD,334,,Developed Countries,R10PAO,,Asia-Pacific Developed,Pacific OECD,Pacific OECD,,"Canada, NZ, Australia",kosau,Asia-Pacific Developed (others),Oceania,Australia and New Zealand,Australia and New Zealand,Developed,,,,Territory,,,,,HMD,Heard Island and McDonald Islands
JPN,392,R5OECD90+EU,Developed Countries,R10PAO,R10PAC_OECD,Asia-Pacific Developed,Pacific OECD,Pacific OECD,R12PAO,Japan,cajaz,Asia-Pacific Developed (others),Asia,Eastern Asia,Eastern Asia,Developed,,,,Annex I,II,,OECD,High,JPN,Japan
NFK,574,,Developed Countries,R10PAO,,Asia-Pacific Developed,Europe,Western Europe,R12PAS,Other Asia,kosau,Asia-Pacific Developed (others),Oceania,Australia and New Zealand,Australia and New Zealand,Developed,,,,Territory,,,,,NFK,Norfolk Island
NZL,554,R5OECD90+EU,Developed Countries,R10PAO,R10PAC_OECD,Asia-Pacific Developed,Pacific OECD,Pacific OECD,R12PAO,"Canada, NZ, Australia",cajaz,Australia & New Zealand,Oceania,Australia and New Zealand,Australia and New Zealand,Developed,,,,Annex I,V,,OECD,High,NZL,New Zealand
AFG,4,R5ASIA,Asia and developing Pacific,R10SAS,R10INDIA+,Southern Asia,South Asia,South Asia,R12SAS,Other Asia,sasia,Rest of Southern Asia,Asia,Southern Asia,Southern Asia,Developing,,LLDC,LDC,Non-Annex I,II,,,Low,AFG,Afghanistan
BGD,50,R5ASIA,Asia and developing Pacific,R10SAS,R10INDIA+,Southern Asia,South Asia,South Asia,R12SAS,Other Asia,sasia,Rest of Southern Asia,Asia,Southern Asia,Southern Asia,Developing,,,LDC,Non-Annex I,II,,,Lower-middle,BGD,Bangladesh
BTN,64,R5ASIA,Asia and developing Pacific,R10SAS,R10INDIA+,Southern Asia,South Asia,South Asia,R12SAS,Other Asia,sasia,Rest of Southern Asia,Asia,Southern Asia,Southern Asia,Developing,,LLDC,LDC,Non-Annex I,II,,,Lower-middle,BTN,Bhutan
IND,356,R5ASIA,Asia and developing Pacific,R10SAS,R10INDIA+,Southern Asia,South Asia,South Asia,R12SAS,India,india,India & Sri Lanka,Asia,Southern Asia,Southern Asia,Developing,,,,Non-Annex I,II,,,Lower-middle,IND,India
LKA,144,R5ASIA,Asia and developing Pacific,R10SAS,R10INDIA+,Southern Asia,South Asia,South Asia,R12SAS,Other Asia,sasia,India & Sri Lanka,Asia,Southern Asia,Southern Asia,Developing,,,,Non-Annex I,II,,,Lower-middle,LKA,Sri Lanka
MDV,462,R5ASIA,Asia and developing Pacific,R10SAS,R10INDIA+,Southern Asia,South Asia,South Asia,R12SAS,Other Asia,sasia,Rest of Southern Asia,Asia,Southern Asia,Southern Asia,Developing,SIDS,,,Non-Annex I,II,,,Upper middle,MDV,Maldives
NPL,524,R5ASIA,Asia and developing Pacific,R10SAS,R10INDIA+,Southern Asia,South Asia,South Asia,R12SAS,Other Asia,sasia,Rest of Southern Asia,Asia,Southern Asia,Southern Asia,Developing,,LLDC,LDC,Non-Annex I,II,,,Lower-middle,NPL,Nepal
PAK,586,R5ASIA,Asia and developing Pacific,R10SAS,R10INDIA+,Southern Asia,South Asia,South Asia,R12SAS,Other Asia,sasia,Rest of Southern Asia,Asia,Southern Asia,Southern Asia,Developing,,,,Non-Annex I,II,,,Lower-middle,PAK,Pakistan
